track_name,artist,genre,danceability,energy,acousticness,instrumentalness,valence,tempo,cluster,pca1,pca2
Track_362,Artist_19,Rock,0.69,0.54,0.04,0.46,0.32,105.05,2,0.03715742361148158,-0.15658961547216538
Track_74,Artist_32,Jazz,0.52,0.95,0.04,0.44,0.82,156.01,1,2.0590337027885623,0.783110418057265
Track_375,Artist_1,Electronic,0.09,0.85,0.28,0.6,0.5,166.15,1,1.243727585845188,0.010156573690865586
Track_156,Artist_5,Classical,0.96,0.91,0.28,0.59,0.07,75.03,2,-1.3762133652792672,1.448215667086031
Track_105,Artist_45,Hip-Hop,0.76,0.81,0.79,0.81,0.31,84.07,2,-1.7736884210525654,1.5431805737329811
Track_395,Artist_4,Electronic,0.64,0.11,0.97,0.48,0.94,85.95,3,-0.6617733120169798,-0.21005900882211975
Track_378,Artist_16,Electronic,0.76,0.15,0.37,1.0,0.85,142.95,3,0.25867024971265923,-0.14138570796463867
Track_125,Artist_24,Rock,0.72,0.53,0.43,0.06,0.98,132.36,1,1.7497744115896374,0.43730305628823907
Track_69,Artist_16,Electronic,0.64,0.25,0.84,0.0,0.63,134.28,1,0.704207763434469,0.05634504407932368
Track_451,Artist_2,Classical,0.98,0.48,0.27,0.64,0.25,172.89,2,0.5963609398350412,0.9921475772417601
Track_10,Artist_49,Classical,0.9,0.39,0.16,0.3,0.16,153.11,2,0.6992005098636738,0.26040250990990177
Track_195,Artist_28,Pop,0.65,0.55,0.85,0.24,0.19,75.35,0,-1.4281047541286622,0.5332926038289825
Track_407,Artist_32,Classical,0.69,0.75,0.05,0.31,0.02,101.7,2,-0.23074239168530733,0.2733429972401324
Track_85,Artist_27,Classical,0.05,0.72,0.62,0.26,0.39,112.25,1,0.06275188742135257,-0.37076485549306654
Track_372,Artist_20,Rock,0.67,0.52,0.56,0.03,0.19,107.52,0,-0.13814936076281303,0.2587361307755908
Track_389,Artist_24,Classical,0.04,0.82,0.35,0.97,0.41,140.32,2,-0.04986607654220958,-0.11585873711387536
Track_496,Artist_12,Pop,0.59,0.43,0.32,0.22,0.93,167.03,1,2.2298651749114127,0.019024655693613245
Track_31,Artist_50,Hip-Hop,1.0,0.9,0.77,0.73,0.43,96.73,2,-1.2040993404258453,2.2904788088769066
Track_317,Artist_35,Rock,0.56,0.07,0.09,0.76,0.88,126.23,3,0.7098359007477514,-1.249855728024494
Track_409,Artist_33,Hip-Hop,0.47,0.95,0.24,0.93,0.61,154.73,2,0.7121192813780172,1.043334978762304
Track_491,Artist_33,Rock,0.31,0.65,0.73,0.03,0.25,109.95,0,-0.08373763815624104,0.044472149732235226
Track_492,Artist_43,Jazz,0.12,0.38,0.55,0.87,0.36,80.17,0,-1.5756798461532981,-1.1193436919301925
Track_281,Artist_37,Electronic,0.73,0.2,0.13,0.53,0.08,116.99,0,-0.4736812131682569,-0.7187351574029784
Track_357,Artist_12,Jazz,0.19,0.48,0.88,0.63,0.33,66.63,0,-1.9204567081716908,-0.4775933972925938
Track_77,Artist_3,Classical,0.12,0.19,0.39,0.64,0.68,173.09,3,1.230841256896201,-1.3192668983771598
Track_462,Artist_1,Hip-Hop,0.42,0.17,0.83,0.82,0.07,68.98,0,-2.6838799358053156,-0.7574964199517055
Track_498,Artist_33,Classical,0.8,0.62,0.79,0.33,0.21,112.61,0,-0.7385058766573177,1.1688291895774718
Track_212,Artist_40,Electronic,0.75,0.52,0.62,0.73,0.38,123.59,2,-0.6601408722480239,0.8092580736723209
Track_102,Artist_10,Rock,0.05,0.67,0.49,0.53,0.98,178.24,1,2.0496186145007185,-0.16784093762065125
Track_335,Artist_43,Electronic,0.46,0.93,0.98,0.79,0.78,79.92,2,-1.186553162392279,1.4482980812509256
Track_476,Artist_44,Pop,0.52,0.53,0.14,0.99,0.73,73.73,2,-0.7896338008065026,-0.38757215909644627
Track_337,Artist_29,Electronic,0.64,0.58,0.73,0.2,0.12,61.04,0,-1.5965322955207752,0.3450078743936811
Track_441,Artist_13,Pop,0.65,0.09,0.19,0.99,0.78,78.67,3,-0.8605838361787171,-1.0846914604663973
Track_174,Artist_12,Electronic,0.36,0.72,0.34,0.09,0.79,84.87,1,0.7291822413019532,-0.22568452759117383
Track_3,Artist_31,Pop,0.56,0.4,0.31,0.0,0.6,135.67,1,1.4195192316011744,-0.38834448353070433
Track_334,Artist_46,Hip-Hop,0.48,0.98,0.95,0.04,0.99,86.36,1,0.46209026106559165,1.4020995826904745
Track_410,Artist_2,Classical,0.88,0.82,0.97,0.34,0.33,62.46,2,-1.701529934967703,1.783056323377803
Track_71,Artist_50,Classical,0.53,0.52,0.18,0.63,0.94,159.19,3,1.698560457773034,0.02210221985948577
Track_210,Artist_35,Jazz,0.44,0.12,0.02,0.07,0.91,103.87,3,1.4941846033480135,-1.7873896574874173
Track_64,Artist_23,Classical,0.4,0.86,0.72,0.01,0.01,102.44,0,-0.5234323755649479,0.6599030528950491
Track_385,Artist_17,Rock,0.57,0.8,0.42,0.94,0.45,96.3,2,-1.0006268600150428,0.7885245413939316
Track_94,Artist_26,Electronic,0.8,0.18,0.09,0.82,0.98,177.04,3,1.7585757296161653,-0.18730833715122355
Track_486,Artist_8,Jazz,0.54,0.3,0.68,0.81,0.1,80.41,0,-2.1876866105033463,-0.3156443080441598
Track_186,Artist_29,Rock,0.66,0.79,0.55,0.88,0.55,167.79,2,0.4549022305752607,1.480655083109759
Track_34,Artist_26,Rock,0.74,0.19,0.98,0.7,0.98,153.22,3,0.37362819967425037,0.6301067844167875
Track_78,Artist_10,Pop,0.52,0.92,0.23,0.1,0.56,69.18,1,0.20939134258722109,0.35675012266350403
Track_1,Artist_26,Classical,0.43,0.42,0.4,0.4,0.19,178.41,0,0.8970832526835235,-0.19064289818571137
Track_12,Artist_34,Hip-Hop,0.88,0.09,0.54,0.72,0.58,92.56,3,-1.0013094462579442,-0.20301880337375217
Track_416,Artist_41,Hip-Hop,0.42,0.82,0.79,0.28,0.2,71.83,0,-1.3189938046312637,0.6245003835631662
Track_23,Artist_7,Jazz,0.46,0.37,0.55,0.69,0.52,159.52,3,0.4219647960926885,-0.05196350924334481
Track_73,Artist_4,Hip-Hop,0.99,0.53,0.61,0.02,0.07,144.8,0,0.27704475587041855,1.1967760471411168
Track_183,Artist_50,Electronic,0.0,0.11,0.23,0.31,0.61,134.07,3,1.0529103638580009,-2.2687247146615612
Track_132,Artist_45,Hip-Hop,0.19,0.0,0.85,0.55,0.52,78.72,0,-1.389286470526815,-1.6137797874981494
Track_411,Artist_11,Jazz,0.38,0.64,0.43,0.63,0.74,117.42,1,0.3205894498077729,0.06265678554290384
Track_194,Artist_29,Hip-Hop,0.93,0.52,0.14,0.58,0.63,153.67,2,1.124636611736039,0.7383879792556722
Track_56,Artist_36,Electronic,0.07,0.59,0.66,0.7,0.55,96.43,0,-0.7452777299894828,-0.5325974749050529
Track_149,Artist_25,Pop,0.01,0.79,0.22,0.01,0.69,97.4,1,1.1788229807568877,-0.8996464507370935
Track_19,Artist_21,Jazz,0.05,0.65,0.1,0.1,0.14,60.38,0,-0.4841266509884114,-1.5155363708631004
Track_205,Artist_36,Pop,0.09,0.17,0.86,0.87,0.6,80.91,0,-1.627276666262869,-1.287007972167808
Track_79,Artist_10,Pop,0.04,0.36,0.46,0.68,0.17,165.05,0,0.16907385693355137,-1.0658806491748956
Track_495,Artist_37,Pop,0.48,0.91,0.75,0.11,0.93,113.01,1,1.002080006925452,1.1479493546225825
Track_263,Artist_9,Rock,0.58,0.77,0.29,0.84,0.07,178.11,2,0.26559193187761954,0.9517361374201866
Track_324,Artist_24,Classical,0.27,0.56,0.79,0.24,0.43,107.48,0,-0.2520470022131369,-0.11810915045747494
Track_484,Artist_35,Rock,0.4,0.26,0.11,0.48,0.7,145.82,3,1.2932902208267207,-1.0969044776190728
Track_80,Artist_49,Classical,0.09,0.3,0.36,0.15,0.46,93.83,0,0.15271504863184787,-1.7394693773502987
Track_40,Artist_35,Pop,0.34,0.73,0.98,0.71,0.09,103.66,0,-1.7826976489439208,0.7595897246086467
Track_452,Artist_48,Jazz,0.52,0.85,0.79,0.67,0.55,82.89,2,-1.127759232773362,1.1105540414215207
Track_47,Artist_36,Classical,0.73,0.67,0.5,0.21,0.64,101.65,1,0.33130988250961,0.7332469740850751
Track_239,Artist_18,Electronic,0.0,0.81,0.34,0.86,0.7,125.67,1,0.32380934012033324,-0.3217072510790475
Track_392,Artist_49,Electronic,0.47,0.77,0.87,0.4,0.37,179.01,1,0.7301113591154025,1.3253024171616117
Track_353,Artist_39,Hip-Hop,0.3,0.15,0.54,0.29,0.56,139.7,3,0.6715623468427014,-1.1495716540293652
Track_342,Artist_32,Classical,0.85,0.42,0.76,0.15,0.45,83.91,0,-0.6764092741823214,0.5692095500248681
Track_278,Artist_24,Jazz,0.72,0.15,0.75,0.27,0.67,65.4,3,-0.9129197951767584,-0.4086397608565795
Track_291,Artist_23,Rock,0.59,0.24,0.02,0.02,0.58,75.16,3,0.4830435243157334,-1.3805035447357952
Track_318,Artist_32,Pop,0.28,0.87,0.13,0.58,0.53,127.51,1,0.728788924262161,0.06427157272082676
Track_305,Artist_37,Hip-Hop,0.91,0.47,0.66,0.84,0.25,151.82,2,-0.5927456139905387,1.243368054148177
Track_269,Artist_12,Electronic,0.05,0.54,0.16,0.55,0.0,172.85,0,0.6774820260897861,-0.9876239271111542
Track_70,Artist_49,Rock,0.11,0.18,0.26,0.22,0.17,61.9,0,-0.9690993239903621,-2.2815349101147504
Track_456,Artist_13,Rock,0.39,0.31,0.95,0.03,0.12,122.73,0,-0.4647009065168924,-0.28333839770103336
Track_466,Artist_23,Pop,0.12,0.23,0.56,0.21,0.45,116.5,0,0.20300099476946792,-1.464996578494172
Track_155,Artist_25,Classical,0.96,0.21,0.75,0.42,0.61,138.73,3,0.15738121279309958,0.6664068751819769
Track_83,Artist_35,Electronic,0.8,0.64,0.56,0.76,0.21,127.15,2,-0.8065771782773438,1.1433066649639128
Track_478,Artist_41,Jazz,0.26,0.26,0.55,0.19,0.94,142.44,3,1.5332321045597548,-0.9390721325332865
Track_173,Artist_30,Rock,0.59,0.63,0.09,0.72,0.01,138.97,2,-0.2128605406776311,0.1436143937616623
Track_322,Artist_17,Pop,0.98,0.06,0.34,0.87,0.77,74.04,3,-1.0554181799476094,-0.346811750724953
Track_91,Artist_49,Jazz,0.88,0.14,0.28,0.45,0.63,155.97,3,1.0624369541633278,-0.13792780667590937
Track_181,Artist_20,Classical,0.6,0.27,0.39,0.82,0.37,74.79,2,-1.5281417981124044,-0.6187933491667729
Track_415,Artist_48,Electronic,0.9,0.6,0.8,0.55,0.05,143.82,2,-0.7666828391490434,1.5595863282709097
Track_313,Artist_25,Classical,0.99,0.68,0.37,0.64,0.63,109.94,2,-0.058672327729485586,1.314080877158272
Track_279,Artist_22,Rock,0.74,0.44,0.45,0.53,0.39,121.66,2,-0.19328345700951766,0.3200470377729666
Track_382,Artist_13,Jazz,0.06,0.45,0.4,0.46,0.94,168.4,1,1.930249608239938,-0.8627720713930809
Track_473,Artist_19,Jazz,0.4,0.72,0.09,0.23,0.54,166.79,1,2.0049571368685117,0.009986552595193167
Track_363,Artist_49,Jazz,0.84,0.02,0.44,0.3,0.94,158.14,3,1.60207528893801,-0.3231482426920359
Track_325,Artist_36,Rock,0.23,0.34,0.2,0.29,0.22,121.22,0,0.26662850910662333,-1.3781056561821374
Track_432,Artist_12,Rock,0.83,0.82,0.19,0.56,0.73,148.35,2,1.2815456499974178,1.2871382269138851
Track_348,Artist_41,Classical,0.12,0.6,0.09,0.12,0.62,121.55,1,1.439286031167159,-1.1302617106057742
Track_87,Artist_19,Hip-Hop,0.05,0.34,0.36,0.92,0.74,164.35,3,0.8448863697586267,-1.098305408808134
Track_76,Artist_12,Classical,0.38,0.91,0.76,0.72,0.21,108.33,2,-1.177406549541336,1.0474675911049727
Track_439,Artist_9,Electronic,0.04,0.77,0.28,0.4,0.66,176.43,1,1.9879573246013185,-0.2785188808997603
Track_16,Artist_7,Pop,0.96,0.26,0.31,0.16,0.5,171.88,3,1.5830176473246176,0.3415233197911038
Track_250,Artist_28,Jazz,0.83,0.65,0.64,0.88,0.74,148.99,2,0.20185238952324994,1.5240556428728627
Track_434,Artist_14,Hip-Hop,0.8,0.6,0.2,0.82,0.33,93.53,2,-0.9143511726625303,0.4591910856210581
Track_20,Artist_31,Pop,0.63,0.4,0.9,0.72,0.89,75.8,3,-1.1070957048646757,0.39608694158675556
Track_323,Artist_19,Hip-Hop,0.22,0.37,0.52,0.27,0.08,162.56,0,0.4801236073639705,-0.7362879760193664
Track_333,Artist_47,Classical,0.52,0.34,0.45,0.4,0.81,79.84,3,-0.11087766127539775,-0.6056661967244626
Track_57,Artist_16,Rock,0.6,0.62,0.56,0.1,0.86,162.51,1,1.9723889857413976,0.7232940865722954
Track_302,Artist_5,Jazz,0.53,0.44,0.17,0.19,0.82,118.89,3,1.3653388063016598,-0.5384267065938112
Track_230,Artist_35,Classical,0.26,0.83,0.61,0.78,0.51,108.79,2,-0.5820221859553141,0.46776225406902605
Track_332,Artist_12,Pop,0.52,0.67,0.36,0.72,0.44,168.38,2,0.752067392950815,0.6144368188972129
Track_133,Artist_25,Pop,0.49,0.07,0.9,0.59,1.0,132.46,3,0.2790658641170558,-0.4196999873100759
Track_138,Artist_21,Pop,1.0,0.64,0.17,0.9,0.23,129.19,2,-0.49646177354176346,1.141664294580585
Track_424,Artist_36,Pop,0.9,0.27,0.51,0.58,0.55,127.05,3,-0.07215466407249685,0.3747530572149572
Track_336,Artist_23,Pop,0.46,0.59,0.6,0.47,0.67,104.54,1,-0.05212887908319164,0.1936439146200867
Track_26,Artist_16,Hip-Hop,0.62,0.68,0.03,0.34,0.7,154.28,1,1.8735071804817591,0.28021918195267076
Track_465,Artist_39,Classical,0.75,0.23,0.36,0.94,0.2,90.34,2,-1.6936766374846828,-0.33427362276206335
Track_282,Artist_45,Jazz,0.03,0.46,0.73,0.08,0.65,172.67,1,1.7044036051231564,-0.6159305457588502
Track_248,Artist_42,Rock,0.89,0.19,0.82,0.93,0.82,167.28,3,0.20801867251664366,0.8788610416315155
Track_238,Artist_39,Rock,0.86,0.05,0.31,0.83,0.05,100.5,2,-1.6019378355196896,-0.5904450619096161
Track_118,Artist_14,Classical,0.46,0.38,0.8,0.13,0.91,147.54,1,1.3598962093167475,0.07798008898151591
Track_43,Artist_31,Classical,0.39,0.36,0.97,0.56,0.03,128.79,0,-1.2988561518451072,0.04424087413939158
Track_221,Artist_5,Rock,0.27,1.0,0.86,0.87,0.36,100.52,2,-1.3789928669956248,1.1720132775805983
Track_177,Artist_35,Rock,0.48,0.45,0.12,0.57,0.02,178.62,0,0.7193485648613928,-0.31658422395545
Track_321,Artist_23,Hip-Hop,0.04,0.33,0.74,0.91,0.08,63.03,0,-2.667371589043318,-1.2789536158270272
Track_154,Artist_29,Electronic,0.85,0.58,0.32,0.94,0.91,90.32,2,-0.375519177170358,0.7292032205112498
Track_232,Artist_43,Jazz,0.04,0.09,0.99,0.42,0.35,122.41,0,-0.7363552422560997,-1.361386911952764
Track_228,Artist_11,Pop,0.33,0.96,0.49,0.38,0.42,122.63,1,0.3237389217572719,0.7277647336623567
Track_418,Artist_18,Electronic,0.93,0.63,0.12,0.94,0.22,130.67,2,-0.47023222150503424,0.9296047600463347
Track_204,Artist_47,Classical,0.74,0.75,0.73,0.68,0.6,150.2,2,0.2385694507124949,1.6210907858003538
Track_127,Artist_12,Rock,0.28,0.17,0.32,0.12,0.59,134.82,3,1.169815958974228,-1.4845389156493336
Track_330,Artist_9,Electronic,0.25,0.41,1.0,0.04,0.37,132.03,0,0.11302834855423902,-0.20052821075996172
Track_32,Artist_10,Jazz,0.01,0.42,0.98,0.56,0.33,66.42,0,-1.9286539105005154,-0.8986225635101339
Track_114,Artist_44,Classical,0.7,0.82,0.66,0.93,0.88,105.18,2,-0.4307803233978205,1.4804006640979497
Track_471,Artist_17,Pop,0.05,0.0,0.13,0.84,0.38,87.85,3,-0.9425520017017802,-2.6574807844501844
Track_272,Artist_38,Pop,0.53,0.3,0.69,0.68,0.49,91.84,0,-1.1417869439910737,-0.26939768398913627
Track_141,Artist_7,Jazz,0.96,0.98,0.09,0.14,0.28,126.52,1,0.9082277816151811,1.5429996932647847
Track_58,Artist_46,Jazz,0.11,0.47,0.03,0.25,0.79,83.94,3,0.8230904420169712,-1.6837084832955174
Track_193,Artist_13,Rock,0.89,0.38,0.82,0.88,0.4,95.27,2,-1.73413177190999,0.9034121133222088
Track_25,Artist_40,Pop,0.99,0.12,0.21,0.18,0.51,88.45,3,0.019080392147127978,-0.49089357295097685
Track_18,Artist_42,Classical,0.06,0.97,0.38,0.28,0.25,173.82,1,1.3880525529375083,0.28197189398261874
Track_266,Artist_9,Electronic,0.88,0.02,0.97,0.13,0.99,173.36,3,1.5600576584214236,0.43847280140483125
Track_67,Artist_50,Classical,0.52,0.74,0.34,0.68,0.29,133.19,2,-0.06616932296445391,0.5471416124933026
Track_209,Artist_27,Hip-Hop,0.91,0.77,0.3,0.94,0.77,170.94,2,1.0407458885297411,1.70428922243166
Track_480,Artist_2,Hip-Hop,0.57,0.24,0.92,0.27,0.43,154.3,0,0.2695270582386601,0.15324918129087992
Track_95,Artist_5,Jazz,0.66,0.67,0.11,0.48,0.21,130.79,2,0.29152719827771306,0.31229397923680285
Track_254,Artist_29,Rock,0.54,0.09,0.76,0.63,0.8,60.77,3,-1.3274635935265438,-0.8230089005487615
Track_267,Artist_37,Hip-Hop,0.86,0.26,0.99,1.0,0.33,152.7,2,-1.165365255788871,1.0931785070958722
Track_24,Artist_38,Pop,0.73,0.79,0.9,0.1,0.87,144.3,1,1.2415043605388802,1.7213838995654858
Track_223,Artist_19,Classical,0.52,0.86,0.65,0.5,0.92,133.83,1,0.9025247782673794,1.215825612116559
Track_262,Artist_8,Classical,0.87,0.61,0.31,0.39,0.86,151.25,1,1.5715375134036742,0.9862622406567565
Track_427,Artist_48,Jazz,0.25,0.51,0.25,0.87,0.04,121.55,0,-0.900142907802443,-0.7064083433980248
Track_6,Artist_45,Electronic,0.16,0.16,0.82,0.48,0.79,144.49,3,0.536568820001875,-0.976079926081581
Track_117,Artist_1,Jazz,0.16,0.06,0.88,0.11,0.41,172.22,0,0.8971986206019659,-1.1395174464166804
Track_46,Artist_22,Electronic,0.33,0.12,0.53,0.63,0.87,105.1,3,-0.008001846702195057,-1.227278622587304
Track_17,Artist_17,Jazz,0.24,0.23,0.24,0.77,0.64,144.97,3,0.601747879309176,-1.2684317210024576
Track_463,Artist_7,Jazz,0.93,0.34,0.11,0.0,0.83,117.08,3,1.5874414381560615,-0.08226048991680131
Track_358,Artist_25,Jazz,0.11,0.38,0.09,0.86,0.5,140.93,3,0.42868394806790905,-1.3672902491931602
Track_4,Artist_45,Electronic,0.7,0.35,0.72,0.19,0.54,151.55,1,0.780440944290752,0.4176333048912629
Track_219,Artist_4,Electronic,0.19,0.24,0.42,0.55,0.14,65.45,0,-1.6422051722380298,-1.6607090382888055
Track_406,Artist_36,Jazz,0.88,0.51,0.91,0.42,0.78,137.59,1,0.3374593861914751,1.42465681928797
Track_61,Artist_6,Hip-Hop,0.96,0.83,0.74,0.72,0.42,87.21,2,-1.3692508150279734,1.9474751899603497
Track_111,Artist_31,Rock,0.47,0.28,0.19,0.37,0.5,140.4,3,0.917670469449572,-0.883974853850842
Track_319,Artist_19,Rock,0.88,0.94,0.61,0.87,0.79,116.2,2,-0.20598561140685476,2.1176495518575473
Track_429,Artist_44,Rock,0.01,0.87,0.44,0.73,0.6,152.83,1,0.7763592958357969,0.062137870541049474
Track_30,Artist_39,Electronic,0.82,0.16,0.58,0.65,0.2,74.81,0,-1.875585203481202,-0.25858035106150684
Track_438,Artist_27,Electronic,0.23,0.79,0.74,0.8,0.59,135.16,1,-0.14079922904623268,0.6195043264670697
Track_472,Artist_10,Hip-Hop,0.91,0.57,0.81,0.75,0.41,93.42,2,-1.481347137046734,1.3428950112861564
Track_27,Artist_26,Rock,0.0,0.57,0.84,0.04,0.47,162.36,1,1.1771304814586645,-0.3620058529783542
Track_8,Artist_19,Rock,0.56,0.39,0.25,0.39,0.03,171.41,0,0.6645435553098903,-0.22733406240014362
Track_454,Artist_39,Jazz,0.76,0.5,0.03,0.93,0.21,179.57,2,0.5797570953907637,0.40802836287798294
Track_109,Artist_3,Electronic,0.26,0.4,0.74,0.13,0.28,155.52,0,0.6074112497080458,-0.37550444754669954
Track_38,Artist_45,Rock,0.19,0.54,0.11,0.74,0.71,150.45,3,1.1536031469370025,-0.7579576212820075
Track_158,Artist_13,Classical,0.08,0.63,0.31,0.97,0.01,85.86,0,-1.7887926805702088,-0.8618147834850678
Track_490,Artist_50,Hip-Hop,0.33,0.67,0.0,0.05,0.41,100.32,1,0.8825515580038077,-0.7838699506884343
Track_119,Artist_28,Classical,0.56,0.53,0.68,0.68,0.92,115.88,3,0.11840266643053698,0.49932237763132203
Track_115,Artist_20,Classical,0.12,0.72,0.17,0.47,0.11,152.81,0,0.626559423076158,-0.5167194047624357
Track_176,Artist_28,Hip-Hop,0.38,0.14,0.66,0.58,0.52,169.8,3,0.5826398676120507,-0.6176967955513738
Track_374,Artist_8,Classical,0.01,0.21,0.99,0.09,0.79,82.7,0,-0.24027275123918151,-1.4071705737586684
Track_182,Artist_41,Rock,0.82,0.82,0.07,0.04,0.94,170.68,1,2.99417534435827,1.1016337369587204
Track_145,Artist_39,Electronic,0.13,0.32,0.08,0.67,0.75,143.47,3,1.1601220877947191,-1.5042300992187574
Track_370,Artist_1,Hip-Hop,0.28,0.02,0.34,0.82,0.72,133.29,3,0.22109501343802085,-1.609590194204202
Track_391,Artist_3,Jazz,0.02,0.15,0.87,0.78,0.83,83.98,3,-1.060493793881478,-1.4602923344629155
Track_196,Artist_13,Classical,0.43,0.22,0.22,0.54,0.45,66.66,3,-0.9020454253588499,-1.4208048761694567
Track_405,Artist_28,Hip-Hop,0.84,0.96,0.36,0.1,0.81,128.22,1,1.5482896171530023,1.6142018481170344
Track_276,Artist_49,Pop,0.39,0.57,0.07,0.69,0.01,138.18,0,-0.13733140721787288,-0.456076707687269
Track_455,Artist_25,Pop,0.18,0.93,0.76,0.24,0.92,85.29,1,0.310065564203937,0.4724164440113156
Track_142,Artist_33,Electronic,0.75,0.58,0.41,0.91,0.44,126.77,2,-0.4851195962107937,0.7744550382549186
Track_366,Artist_38,Rock,0.79,0.48,0.76,0.84,0.55,162.78,2,0.014651439245562965,1.2219679970283879
Track_68,Artist_6,Electronic,0.17,0.31,0.9,0.71,0.25,160.21,0,-0.4377403547476243,-0.39032823087025964
Track_211,Artist_44,Electronic,0.77,0.61,0.23,0.95,0.74,171.28,2,1.0431101244030743,0.9437099657102147
Track_169,Artist_45,Electronic,0.95,0.14,0.81,0.03,0.08,103.91,0,-0.8987792627015547,0.20335883434294946
Track_494,Artist_32,Electronic,0.17,0.9,0.06,0.74,0.87,98.17,1,0.5978052941246674,-0.2574609680391849
Track_376,Artist_45,Jazz,0.77,0.83,0.9,0.33,0.83,149.93,1,0.9452650355548426,1.9964848388851966
Track_401,Artist_47,Jazz,0.71,0.32,0.65,0.91,0.22,111.73,2,-1.5245271557721458,0.2575819091229629
Track_273,Artist_21,Hip-Hop,0.47,0.95,0.87,0.27,0.81,70.51,1,-0.3944722992920149,1.180999799045462
Track_110,Artist_16,Pop,0.06,0.83,0.0,0.72,0.79,93.94,1,0.4881740278270576,-0.7639284863207975
Track_249,Artist_21,Electronic,0.07,0.67,0.17,0.88,0.63,110.23,3,0.027999406112609624,-0.8012082642335141
Track_146,Artist_11,Hip-Hop,0.85,0.12,0.39,0.04,0.37,95.1,3,-0.06752105537004524,-0.5830271762849967
Track_93,Artist_37,Pop,0.99,0.48,0.38,0.4,0.27,99.86,2,-0.5677712727571004,0.688700891764541
Track_153,Artist_36,Classical,0.68,0.51,0.23,0.76,0.23,95.25,2,-0.9993942108770933,0.01094411501017612
Track_368,Artist_35,Rock,0.45,0.23,0.38,0.45,0.32,64.98,0,-1.2141382023319163,-1.2074402346904127
Track_468,Artist_19,Jazz,0.65,0.08,0.13,0.27,0.9,136.45,3,1.612266911344019,-1.0795678341291672
Track_84,Artist_20,Classical,0.59,0.78,0.41,0.22,0.08,131.68,0,0.16392144515959242,0.7114895618774694
Track_246,Artist_18,Pop,0.38,0.12,0.8,0.13,0.83,138.41,3,0.9748703521002466,-0.7706725706930192
Track_166,Artist_47,Classical,0.07,0.59,0.48,0.86,0.35,83.08,0,-1.3463356968191313,-0.7913348174306474
Track_164,Artist_41,Rock,0.82,0.94,0.02,0.58,0.52,95.48,2,0.1403842709235799,1.0561070423749603
Track_200,Artist_49,Pop,0.37,0.88,0.42,0.08,0.79,134.35,1,1.6594547243819564,0.5376398401542627
Track_229,Artist_14,Classical,0.82,0.28,0.03,0.38,0.88,131.96,3,1.488833544315971,-0.3569171701844601
Track_75,Artist_15,Jazz,0.25,0.85,0.97,0.37,0.34,120.76,1,-0.4550345963793168,0.8590292597930997
Track_479,Artist_31,Jazz,0.0,0.0,0.13,0.18,0.46,102.05,3,0.467367923358772,-2.8768061876050597
Track_359,Artist_1,Hip-Hop,0.16,0.02,0.71,0.44,0.41,169.55,0,0.5484413980358316,-1.3579791127902618
Track_251,Artist_3,Classical,0.47,0.6,0.97,0.33,0.01,100.77,0,-1.4599736856715433,0.5701869811685311
Track_120,Artist_16,Electronic,0.94,0.36,0.83,0.34,0.3,114.67,0,-0.7395712703912073,0.9051065679743108
Track_311,Artist_23,Classical,0.1,0.39,0.7,0.74,0.46,141.37,0,-0.20932899281303413,-0.660059937185804
Track_300,Artist_11,Pop,0.85,0.56,0.84,0.22,0.41,125.16,1,-0.09682737289527428,1.2402516998366093
Track_256,Artist_12,Pop,0.53,0.19,0.98,0.64,0.72,101.63,3,-0.9191206260862533,-0.12254026247206966
Track_355,Artist_10,Classical,0.83,0.21,0.62,0.57,0.38,112.28,2,-0.7675064561895336,0.12176167192815676
Track_400,Artist_32,Rock,0.3,0.48,0.56,0.57,0.49,155.34,1,0.5329578557477185,-0.16961837998477722
Track_226,Artist_16,Jazz,0.84,0.75,0.63,0.66,0.43,93.38,2,-1.0080125115727168,1.3862410824939222
Track_354,Artist_8,Pop,0.77,0.62,0.53,0.55,0.74,77.07,2,-0.5574736456073399,0.7122462861649971
Track_235,Artist_38,Jazz,0.23,0.3,0.64,0.88,0.86,97.58,3,-0.5987978069817711,-0.8350822258053038
Track_383,Artist_12,Pop,0.13,0.43,0.45,0.68,0.53,161.94,3,0.7173524520299626,-0.7074158252581609
Track_275,Artist_24,Hip-Hop,0.87,0.17,0.22,0.55,0.79,70.68,3,-0.3928145691936995,-0.5690740361338752
Track_37,Artist_28,Electronic,0.96,0.07,0.12,0.83,0.3,179.0,2,0.5563357904976389,-0.12596075509780855
Track_197,Artist_8,Pop,0.03,0.78,0.07,0.61,0.54,124.92,1,0.7455761028120003,-0.7514902404253283
Track_140,Artist_28,Jazz,0.73,0.27,0.26,0.29,0.35,178.18,3,1.3790017663772196,-0.11592840510426798
Track_365,Artist_36,Hip-Hop,0.91,0.18,0.05,0.21,0.41,172.68,3,1.684630003215805,-0.25986402150915733
Track_245,Artist_26,Pop,0.86,0.69,0.57,0.15,0.73,114.34,1,0.707048870354136,1.1950922410661369
Track_440,Artist_8,Rock,0.96,0.62,0.28,0.9,0.88,83.82,2,-0.4491582925285107,0.9576898419475531
Track_287,Artist_50,Electronic,0.76,0.63,0.82,0.71,0.12,79.79,2,-2.1202040546948004,1.0773181350833252
Track_60,Artist_28,Pop,0.44,0.23,0.07,0.94,0.63,88.8,3,-0.5888958475721112,-1.3056712932523968
Track_112,Artist_28,Hip-Hop,0.31,0.23,0.23,0.6,0.58,145.22,3,0.7617970857639046,-1.1889136268594382
Track_90,Artist_37,Rock,0.32,0.22,0.73,0.47,0.12,92.75,0,-1.4493110502182518,-0.9413965099965325
Track_437,Artist_41,Classical,0.72,0.17,0.6,0.06,0.21,100.97,0,-0.464519674587974,-0.4554523824010479
Track_7,Artist_36,Hip-Hop,0.75,0.66,0.06,0.67,0.31,113.85,2,-0.11888728073483741,0.390688344652911
Track_361,Artist_27,Hip-Hop,0.2,0.85,0.88,0.58,0.17,169.59,0,0.022044596455579935,0.9529789940339501
Track_347,Artist_17,Rock,0.87,0.72,0.88,0.99,0.24,82.73,2,-2.353930768520841,1.7061551594817852
Track_339,Artist_9,Hip-Hop,0.71,0.79,0.33,0.24,0.27,60.6,2,-0.8555233086068683,0.5335317789642855
Track_159,Artist_33,Rock,0.56,0.4,0.34,0.53,0.34,67.21,0,-1.1700938280365785,-0.5793562759944021
Track_151,Artist_20,Pop,0.47,0.65,0.99,0.65,0.75,168.57,1,0.5799363149131089,1.2334577369979274
Track_178,Artist_13,Rock,0.54,0.35,0.63,0.64,0.57,137.7,3,0.030895970965192587,0.037512906457787015
Track_394,Artist_28,Rock,0.16,0.53,0.53,0.56,0.99,92.76,3,0.2378942834879213,-0.671026442364023
Track_185,Artist_48,Electronic,0.2,0.48,0.84,0.78,0.41,81.26,0,-1.682843095292734,-0.37598532052883943
Track_450,Artist_29,Rock,0.09,0.18,0.29,0.2,0.75,95.31,3,0.6262161164094768,-2.066141133131112
Track_11,Artist_13,Rock,0.15,0.39,0.43,0.73,0.87,73.78,3,-0.5053216726391747,-1.2108382310813965
Track_381,Artist_46,Classical,0.45,0.96,0.27,0.62,0.68,172.98,1,1.6173729111204176,1.0723930445101681
Track_104,Artist_35,Pop,0.53,0.25,0.79,0.9,0.41,154.1,2,-0.5391496034263471,0.1212914201111888
Track_82,Artist_6,Electronic,0.02,0.13,0.57,0.85,0.75,115.49,3,-0.3151689448967751,-1.691347133443925
Track_39,Artist_18,Classical,0.8,0.42,0.66,0.32,0.2,163.8,0,0.34516995406426965,0.797278909851204
Track_315,Artist_5,Jazz,0.29,0.79,0.25,0.28,0.33,89.93,1,-0.05890228198446378,-0.267994931214944
Track_168,Artist_47,Pop,0.91,0.58,0.22,0.98,0.55,146.05,2,0.16924080512402473,1.0105103679779492
Track_470,Artist_25,Pop,0.97,0.68,0.49,0.53,0.58,162.74,2,0.9029270537285747,1.6614599066604399
Track_297,Artist_2,Jazz,0.19,0.19,0.74,0.91,0.02,102.81,0,-2.0756549550433623,-1.0966588147476284
Track_475,Artist_10,Rock,0.46,0.62,0.53,0.16,0.95,150.9,1,1.8715345586410768,0.35833428022138397
Track_199,Artist_30,Classical,0.0,0.32,0.03,0.64,0.7,95.41,3,0.28084827427242587,-2.104990428905992
Track_298,Artist_50,Hip-Hop,0.6,0.83,0.87,0.81,0.5,95.86,2,-1.2932178715321063,1.4331074988930754
Track_417,Artist_45,Electronic,0.61,0.63,0.06,0.95,0.93,72.85,2,-0.30121858386985284,-0.055545595123187866
Track_147,Artist_5,Hip-Hop,0.25,0.2,0.96,0.34,0.44,112.81,0,-0.6218504632577158,-0.7615153498365139
Track_393,Artist_33,Jazz,0.56,0.06,0.03,0.72,0.98,147.57,3,1.4198893565821935,-1.2369174253844413
Track_148,Artist_1,Pop,0.23,0.04,0.69,0.54,0.51,172.83,3,0.6431288064306561,-1.1321195086065248
Track_448,Artist_18,Pop,0.16,0.37,0.08,0.06,0.11,132.46,0,0.82698858521255,-1.6161160724375876
Track_288,Artist_32,Electronic,0.65,0.27,0.91,0.69,0.76,163.58,3,0.3651190748379402,0.5831918505400439
Track_124,Artist_47,Pop,0.33,0.65,0.46,0.69,0.68,158.7,1,0.9096473607965718,0.2508757537158314
Track_369,Artist_49,Pop,0.59,0.5,0.14,0.93,0.77,80.8,3,-0.5222008436294924,-0.29060172364434855
Track_97,Artist_11,Electronic,0.43,0.27,0.34,0.5,0.95,118.3,3,0.8466870141497679,-0.8498027584695419
Track_144,Artist_21,Classical,0.98,0.15,0.16,0.23,0.78,74.03,3,0.18218249700768427,-0.5390083489029648
Track_240,Artist_26,Classical,0.15,0.13,0.17,0.04,0.61,141.86,3,1.6612283942927404,-2.019396975450839
Track_443,Artist_25,Electronic,0.46,0.86,0.95,0.42,0.86,173.99,1,1.3393376945986926,1.6392586654937165
Track_98,Artist_22,Jazz,0.68,0.24,0.45,0.3,0.67,76.45,3,-0.3254102429543925,-0.5721233831530921
Track_408,Artist_27,Pop,0.4,0.65,0.79,0.76,0.41,148.07,2,-0.2741517745422753,0.739431090285358
Track_123,Artist_49,Pop,0.97,0.81,0.64,0.35,0.89,135.87,1,1.0182204874553942,1.9865952248204741
Track_184,Artist_13,Jazz,0.72,0.61,0.68,0.95,0.22,130.03,2,-1.1649245510233308,1.1226078009192666
Track_203,Artist_33,Classical,0.66,0.86,0.13,0.96,0.71,106.81,2,-0.03336448895137159,0.8526468566975112
Track_247,Artist_34,Rock,0.76,0.39,0.23,0.62,0.88,102.62,3,0.35912378730484307,-0.05852657179222934
Track_306,Artist_41,Rock,0.95,0.96,0.79,0.93,0.73,65.43,2,-1.61387526103217,2.2737810347118526
Track_299,Artist_35,Rock,0.91,0.13,0.97,0.76,0.7,86.15,3,-1.522017112936017,0.4663574516545519
Track_352,Artist_1,Classical,0.72,0.1,0.26,0.55,0.75,61.82,3,-0.6741866910037981,-1.052850308251719
Track_387,Artist_21,Classical,0.75,0.66,0.27,0.18,0.47,129.77,1,0.925127390391161,0.5975633778201255
Track_396,Artist_48,Jazz,0.15,0.94,0.47,0.46,0.87,72.7,1,0.027560643357612373,0.07618505643363147
Track_285,Artist_6,Pop,0.1,0.81,0.98,0.56,0.2,164.76,0,-0.11154587638060784,0.740147466315063
Track_126,Artist_28,Jazz,0.57,0.08,0.27,0.86,0.13,122.78,0,-0.9612689788173527,-1.0383496594293162
Track_303,Artist_17,Jazz,0.02,0.28,0.41,0.48,0.29,143.96,0,0.2954712375151298,-1.5226720234792495
Track_224,Artist_5,Classical,0.48,0.93,0.89,0.9,0.53,109.3,2,-1.0824087904744037,1.5484689518501744
Track_419,Artist_31,Rock,0.21,0.25,0.0,0.67,0.51,127.27,3,0.5110081170736678,-1.7093513808838678
Track_220,Artist_5,Hip-Hop,0.35,0.78,0.04,0.14,0.82,173.12,1,2.8169871527972474,0.01985718830261686
Track_130,Artist_38,Pop,0.78,0.83,0.6,0.99,0.4,69.93,2,-1.9294504827942092,1.3886277306396955
Track_421,Artist_3,Classical,0.94,0.5,0.91,0.53,0.48,90.47,2,-1.2503221717816333,1.2829646361630012
Track_290,Artist_23,Rock,0.07,0.39,0.24,0.39,0.01,153.6,0,0.4020494121990912,-1.3591953047192677
Track_445,Artist_37,Hip-Hop,0.53,0.45,0.47,0.66,0.41,71.85,2,-1.3000475813441932,-0.2942583853608101
Track_377,Artist_37,Hip-Hop,0.88,0.23,0.45,0.11,0.65,69.08,3,-0.26123829028487383,-0.27608993466178283
Track_292,Artist_10,Classical,0.08,0.89,0.47,0.64,0.02,103.38,0,-1.043633222351983,-0.04583678305402759
Track_356,Artist_10,Electronic,0.82,0.45,0.62,0.5,0.28,71.06,2,-1.537562153832462,0.4306109602699099
Track_295,Artist_19,Pop,0.36,0.88,0.47,0.41,0.21,130.21,1,0.07167893536409838,0.6048373830032469
Track_397,Artist_17,Hip-Hop,0.32,0.11,0.45,0.95,0.04,87.15,0,-2.098480046557558,-1.439633964358938
Track_341,Artist_21,Classical,0.98,0.99,0.47,0.52,0.48,167.48,2,0.9807944719491634,2.4184755316088715
Track_113,Artist_14,Classical,0.2,0.44,0.59,0.22,0.18,154.02,0,0.4948064291733547,-0.5762378042246068
Track_180,Artist_9,Rock,0.69,0.05,0.54,0.46,0.74,143.96,3,0.6751897559217573,-0.48722269056530126
Track_308,Artist_46,Electronic,0.82,0.04,0.85,0.92,0.85,134.03,3,-0.4501069217568881,0.23071008864271367
Track_433,Artist_1,Pop,0.04,0.75,0.05,0.18,0.55,163.62,1,2.1720751318210696,-0.7491505334370181
Track_488,Artist_45,Jazz,0.67,0.66,0.83,0.21,0.98,86.77,1,0.1935862234781491,0.9344756309444695
Track_482,Artist_13,Rock,0.95,0.8,0.84,0.01,0.45,164.77,1,1.118674619826602,2.17830660722816
Track_423,Artist_4,Hip-Hop,0.12,0.11,0.28,0.01,0.51,154.74,3,1.6532669586914028,-1.9456426341345476
Track_234,Artist_1,Hip-Hop,0.9,0.04,0.46,0.83,0.99,149.78,3,0.6939688583706958,-0.007240947110509757
Track_312,Artist_49,Rock,0.59,0.51,0.44,0.73,0.23,127.35,2,-0.5763885198833388,0.2396100197655485
Track_165,Artist_40,Classical,0.62,0.39,0.22,0.36,0.94,89.55,3,0.6369298282236896,-0.5050684831372048
Track_137,Artist_32,Hip-Hop,0.61,0.46,0.4,0.7,0.04,110.83,0,-1.1351185279065754,-0.0004830976611020621
Track_198,Artist_34,Electronic,0.3,0.99,0.04,0.4,0.45,155.23,1,1.558645341056118,0.37248648902757275
Track_259,Artist_28,Pop,0.94,0.97,0.28,0.95,0.07,63.81,2,-2.1096232066386884,1.5988847902035317
Track_233,Artist_31,Electronic,0.95,0.94,0.82,0.97,0.73,153.85,2,-0.002851205720827575,2.743707418109501
Track_116,Artist_8,Hip-Hop,0.63,0.78,0.28,0.39,0.61,88.81,1,0.09962001211676468,0.5051368622006998
Track_121,Artist_39,Jazz,0.78,0.35,0.82,0.85,0.71,77.32,2,-1.5170749587204664,0.5233937317450842
Track_350,Artist_26,Pop,0.61,0.41,0.53,0.77,0.37,73.88,2,-1.5983782862373228,-0.11040095284925877
Track_225,Artist_34,Pop,0.48,0.55,0.88,0.31,0.37,63.27,0,-1.4747967849245198,0.18667989329378276
Track_403,Artist_3,Rock,0.66,0.83,0.57,0.23,0.05,122.83,0,-0.2700389129808168,1.1258960790611259
Track_398,Artist_50,Rock,0.55,0.07,0.03,0.46,0.35,86.19,3,-0.4068712601350417,-1.6908971093463885
Track_128,Artist_12,Jazz,0.6,0.42,0.68,0.78,0.93,178.73,3,1.1561702304893615,0.682497483344565
Track_286,Artist_1,Classical,0.78,0.08,0.04,0.96,0.38,128.93,3,-0.33772334208059773,-0.7953618613184321
Track_412,Artist_44,Pop,0.48,0.51,0.45,0.76,0.83,76.55,3,-0.613777805050637,-0.18798186910429773
Track_108,Artist_5,Jazz,0.04,0.9,0.93,0.86,0.84,142.65,1,0.1646627878010532,0.797339351340353
Track_371,Artist_30,Rock,0.16,0.78,0.17,0.6,0.37,167.73,1,1.1597718801928905,-0.14850243975479557
Track_326,Artist_30,Rock,0.44,0.23,0.39,0.84,0.63,149.42,3,0.3355966719560112,-0.6248225916427683
Track_134,Artist_17,Pop,0.72,0.98,0.73,0.78,0.1,69.17,2,-2.2167128236693565,1.6903148577554332
Track_453,Artist_48,Electronic,0.59,0.67,0.88,0.38,0.1,167.51,0,0.020709999155556602,1.2572276286626678
Track_45,Artist_47,Hip-Hop,0.65,0.01,0.67,0.55,0.05,155.27,0,-0.5406648978102924,-0.4808005755127846
Track_461,Artist_23,Rock,0.48,0.26,0.26,0.8,0.58,79.0,3,-0.8870567833703972,-1.0172020827601826
Track_66,Artist_15,Classical,0.62,0.26,0.67,0.05,0.43,66.21,0,-0.7982051528684883,-0.5314738425247867
Track_284,Artist_37,Classical,0.33,0.07,0.3,0.81,0.55,126.88,3,-0.10904443632200826,-1.4847723482896322
Track_86,Artist_21,Rock,0.47,0.96,0.72,0.18,0.52,78.72,1,-0.3826494017052053,1.0150193863472874
Track_243,Artist_14,Electronic,0.74,0.48,0.95,0.51,0.35,160.15,0,-0.09615818619616988,1.2188169733381962
Track_187,Artist_2,Electronic,0.87,0.9,0.72,0.81,0.68,103.0,2,-0.7028101068483485,2.03664645596872
Track_384,Artist_11,Jazz,0.43,0.32,0.86,0.25,0.76,169.55,1,1.2700849725793248,0.08371143676019523
Track_160,Artist_39,Classical,0.04,0.13,0.0,0.25,0.01,127.88,0,0.3279868496372597,-2.5180868817751367
Track_13,Artist_38,Jazz,0.16,0.47,0.72,0.4,0.21,81.92,0,-1.2704084484491955,-0.7563295891167836
Track_36,Artist_34,Classical,0.02,0.11,0.83,0.89,0.71,76.75,3,-1.5269761945489377,-1.6209650519879297
Track_29,Artist_38,Hip-Hop,0.65,0.49,0.04,0.0,0.39,129.18,1,1.3024916306347618,-0.36383086195891323
Track_171,Artist_50,Hip-Hop,0.33,0.92,0.87,0.9,0.66,151.43,1,0.0014765977213863656,1.4216406785358002
Track_143,Artist_34,Pop,0.54,0.52,0.26,0.15,0.35,153.78,1,1.2461041509528126,-0.08200433651421588
Track_399,Artist_18,Jazz,0.49,0.62,0.67,0.99,0.39,93.09,2,-1.5988127122664872,0.48430949237820214
Track_343,Artist_30,Rock,0.08,0.16,0.8,0.95,0.16,84.51,0,-2.32467686321148,-1.3991770751104666
Track_222,Artist_15,Jazz,0.4,0.04,0.66,0.49,0.26,62.01,0,-1.8402865849910945,-1.4383581199898243
Track_96,Artist_27,Rock,0.22,0.11,0.09,0.51,0.61,141.5,3,1.0259738039019792,-1.8800812259440938
Track_52,Artist_34,Electronic,0.42,0.6,0.6,0.48,0.43,69.19,0,-1.1344574498279612,-0.07098072136662756
Track_241,Artist_38,Jazz,0.2,0.1,0.55,0.64,0.77,110.49,3,-0.08720694267728543,-1.4995420298937296
Track_485,Artist_33,Electronic,0.84,0.38,0.9,0.09,0.85,132.2,1,0.8180870429430837,0.8945755826628712
Track_379,Artist_24,Hip-Hop,0.17,0.55,0.4,0.03,0.54,172.45,1,2.0130337682644037,-0.5330053760415718
Track_179,Artist_15,Hip-Hop,0.96,0.39,0.32,0.06,0.76,97.42,3,0.7484823408575313,0.26344722991446756
Track_42,Artist_30,Pop,0.42,0.16,0.75,0.44,0.31,89.97,0,-1.214695181460755,-0.8603770425703289
Track_499,Artist_42,Jazz,0.85,0.27,0.41,0.28,0.41,138.5,3,0.508236834186892,0.1082076341485379
Track_422,Artist_17,Electronic,0.63,0.93,0.65,0.62,0.71,134.31,1,0.3892788100135596,1.6347531327752072
Track_207,Artist_5,Rock,0.74,0.68,0.65,0.99,0.39,99.85,2,-1.4735877975250946,1.1625990547275415
Track_283,Artist_29,Hip-Hop,0.77,0.5,0.89,0.39,0.59,171.37,1,0.7716622322364896,1.3009008413326817
Track_255,Artist_4,Hip-Hop,0.5,0.01,0.6,0.57,0.19,161.38,0,-0.10309208921173976,-0.8288010149197167
Track_413,Artist_10,Rock,0.54,0.99,0.5,0.42,0.6,86.88,1,-0.18144061869997746,1.088080567320086
Track_5,Artist_17,Electronic,0.51,0.67,0.14,0.85,0.86,88.7,2,-0.022992793284017102,-0.022489080988208388
Track_257,Artist_10,Electronic,0.59,0.32,0.12,0.9,0.87,121.48,3,0.4366517829014982,-0.5328394351224478
Track_449,Artist_17,Jazz,0.03,0.88,0.15,0.88,0.72,152.83,1,1.111484671866178,-0.16926375807209942
Track_101,Artist_20,Jazz,0.4,0.26,0.17,0.97,0.75,65.28,3,-1.0004298723274674,-1.301292312303736
Track_227,Artist_24,Classical,0.61,0.54,0.64,0.03,0.56,143.2,1,1.0798215520592191,0.49970637504383086
Track_430,Artist_5,Classical,0.6,0.64,0.74,0.84,0.58,137.79,2,-0.2983687786371178,1.0560360748170805
Track_214,Artist_34,Pop,0.79,0.22,0.53,0.75,0.13,87.78,2,-1.7981324838545507,-0.14461636524910923
Track_172,Artist_6,Hip-Hop,0.66,0.98,0.83,0.23,0.44,141.76,1,0.46336829096874343,1.9366686686320311
Track_99,Artist_2,Jazz,0.99,0.75,0.99,0.96,0.45,172.82,2,-0.36906229816919595,2.6501038601803826
Track_293,Artist_13,Electronic,0.28,0.56,0.82,0.15,0.96,65.61,1,-0.10078719777468542,-0.26511912367247215
Track_216,Artist_43,Rock,0.36,0.18,0.69,0.68,0.43,98.36,0,-1.120898052430495,-0.8839620952101351
Track_62,Artist_43,Electronic,0.38,0.05,0.53,0.22,0.55,112.58,3,0.1937899316797337,-1.4013323186761386
Track_48,Artist_48,Hip-Hop,0.47,0.32,0.45,0.43,0.53,167.91,3,1.0979078737659125,-0.30521280265203965
Track_33,Artist_11,Classical,0.84,0.75,0.08,0.72,0.64,175.47,2,1.5308317540062004,1.1900217942267415
Track_268,Artist_47,Electronic,0.24,0.27,0.4,0.56,0.75,113.29,3,0.29613204373977475,-1.1994209777473852
Track_328,Artist_23,Pop,0.78,0.54,0.91,0.43,0.23,150.0,0,-0.305967859790215,1.310304491140433
Track_201,Artist_16,Hip-Hop,0.41,0.73,0.81,0.33,0.53,123.8,1,0.09970934495371349,0.7301357792017312
Track_447,Artist_31,Classical,0.6,0.11,0.22,0.84,0.83,124.53,3,0.3170530722303777,-0.9014404852987109
Track_28,Artist_11,Rock,0.63,0.69,0.47,0.14,0.46,93.37,1,0.04699926434343242,0.4559585968474719
Track_425,Artist_16,Classical,0.37,0.09,0.82,0.43,0.28,86.03,0,-1.4279782398104284,-1.0748576200848734
Track_231,Artist_8,Pop,0.51,0.97,0.07,0.9,0.65,94.56,2,-0.1324666945379945,0.6433574902962534
Track_261,Artist_4,Hip-Hop,0.41,0.49,0.39,0.85,0.82,126.76,3,0.2920121456537501,-0.1624723033442552
Track_289,Artist_40,Rock,0.07,0.15,0.85,0.4,0.06,63.5,0,-2.133433848916332,-1.6677825162271396
Track_163,Artist_4,Pop,0.44,0.34,0.4,0.76,0.78,168.87,3,1.1062234465368352,-0.25555376799761603
Track_426,Artist_25,Classical,0.1,0.41,0.08,0.82,0.82,78.75,3,-0.16819505148438185,-1.6431737437266731
Track_139,Artist_3,Pop,0.41,0.76,0.54,0.89,0.46,86.41,2,-1.2325695509669075,0.4371332851015503
Track_63,Artist_32,Hip-Hop,0.59,0.74,0.86,0.54,0.98,122.19,1,0.39264969517049225,1.2832507766440262
Track_136,Artist_3,Jazz,0.58,0.61,0.59,0.2,0.79,145.21,1,1.33440465373021,0.625897458870883
Track_129,Artist_27,Pop,0.66,0.11,0.23,0.26,0.77,71.49,3,0.0364377775775139,-1.2240625346774705
Track_477,Artist_29,Pop,0.1,0.15,0.38,0.3,0.75,98.12,3,0.4042388057768063,-1.9634068772438955
Track_9,Artist_32,Classical,0.65,0.09,0.45,0.59,0.15,176.24,0,0.2755261028952105,-0.42348765470445715
Track_327,Artist_50,Classical,0.31,0.58,0.58,0.03,0.22,91.48,0,-0.327917775991672,-0.4069996873717209
Track_464,Artist_19,Rock,0.4,0.88,0.76,0.64,0.46,97.57,2,-0.8713278505678165,0.9571360277797114
Track_65,Artist_21,Classical,0.86,0.43,0.1,0.36,0.26,160.38,2,1.012207893653123,0.2653574374831251
Track_301,Artist_5,Electronic,0.01,0.16,0.89,0.3,0.42,66.03,0,-1.3781310943343819,-1.7063038379673952
Track_15,Artist_18,Hip-Hop,0.59,0.56,0.01,0.88,0.89,115.75,3,0.6130629716308931,-0.12306361814277429
Track_157,Artist_28,Hip-Hop,0.6,0.81,0.37,0.46,0.82,105.55,1,0.5672469707665674,0.7517130572828226
Track_41,Artist_42,Jazz,0.4,0.74,0.03,0.1,0.63,97.99,1,1.0952920239545392,-0.4113940719934593
Track_380,Artist_22,Jazz,0.24,0.88,0.39,0.83,0.86,94.28,1,-0.06646555937092394,0.24675955764898713
Track_469,Artist_21,Hip-Hop,0.23,0.28,0.53,0.05,0.78,70.96,3,0.13299947056667144,-1.4129620123448394
Track_404,Artist_6,Jazz,0.88,0.19,0.51,0.73,0.43,97.78,2,-1.0870627454538813,0.01940672997789931
Track_217,Artist_1,Rock,0.44,0.88,0.17,0.77,0.2,65.17,2,-1.3880761351554538,0.16869205294362036
Track_280,Artist_5,Classical,0.33,0.66,0.65,0.35,0.51,153.72,1,0.8104747206665553,0.3633163685125038
Track_435,Artist_41,Hip-Hop,0.45,0.31,0.04,0.82,0.74,107.79,3,0.20482491171917397,-1.0541490015863881
Track_431,Artist_12,Jazz,0.67,0.74,0.76,0.52,0.44,113.27,2,-0.5262606945826925,1.2296940972321009
Track_338,Artist_26,Hip-Hop,0.15,0.82,0.95,0.46,0.67,167.23,1,0.8876579239962737,0.8553611266748904
Track_237,Artist_46,Electronic,0.45,0.61,0.34,0.05,0.09,138.97,0,0.6338476992224092,-0.08662232863710198
Track_208,Artist_34,Pop,0.59,0.69,0.52,0.29,0.75,60.97,1,-0.38675385027107806,0.33043490393084285
Track_213,Artist_49,Classical,0.95,0.38,0.38,0.93,0.81,173.18,2,0.915307183105112,0.9578957268982408
Track_296,Artist_14,Hip-Hop,0.25,0.54,0.01,0.39,0.71,88.46,3,0.5899985950956934,-1.1879500616398488
Track_458,Artist_26,Pop,0.36,0.52,0.39,0.55,0.97,72.91,3,-0.03480701195201994,-0.5575793493116579
Track_252,Artist_45,Jazz,0.38,0.85,0.79,0.53,0.83,152.18,1,0.9159428676478679,1.168189316646575
Track_489,Artist_27,Pop,0.61,0.84,0.6,0.59,0.9,120.06,1,0.503829061874225,1.2469234892580074
Track_487,Artist_9,Classical,0.36,0.83,0.1,0.06,0.93,112.05,1,1.8726824308137773,-0.10492453222928827
Track_304,Artist_26,Hip-Hop,0.53,0.01,0.85,0.36,0.8,89.94,3,-0.495102838255719,-0.8529575512672386
Track_351,Artist_47,Electronic,0.78,0.75,0.53,0.72,0.67,125.7,2,0.060691246081964474,1.3494421602357405
Track_270,Artist_22,Jazz,0.71,0.76,0.84,0.2,0.01,92.93,0,-1.2461170094277214,1.2184701886829283
Track_202,Artist_47,Hip-Hop,0.45,0.68,0.58,0.2,0.47,168.19,1,1.3213215891123558,0.6057724533037645
Track_162,Artist_30,Classical,0.86,0.76,0.56,0.01,0.57,85.82,1,0.13971458322544544,1.1446614270824946
Track_44,Artist_43,Jazz,0.56,0.84,0.11,0.44,0.3,166.12,1,1.2671729510643155,0.6962987288628768
Track_218,Artist_48,Rock,0.54,0.47,0.17,0.88,0.32,127.13,2,-0.3230790685525529,-0.23785179658860642
Track_402,Artist_17,Pop,0.03,0.5,0.97,0.05,0.96,159.42,1,1.7128281856244216,-0.2811125362519984
Track_191,Artist_26,Classical,0.99,0.12,0.23,0.19,0.89,145.54,3,1.709540832252112,-0.12808927782390672
Track_310,Artist_36,Rock,0.12,0.39,0.98,0.31,0.85,143.6,1,0.7633184855572186,-0.3616785522896913
Track_260,Artist_1,Hip-Hop,0.23,0.64,0.53,0.73,0.41,98.92,0,-0.8236983283989631,-0.22558046392415873
Track_106,Artist_8,Electronic,0.05,0.78,0.14,0.64,0.01,88.07,0,-0.9753966493068396,-0.8564659373522071
Track_54,Artist_49,Jazz,0.64,0.22,0.1,0.42,0.08,85.31,0,-0.8591818943686433,-1.0961191762360627
Track_390,Artist_35,Pop,0.22,0.14,0.21,0.76,0.31,162.86,3,0.43286530047637967,-1.4993810170972943
Track_2,Artist_15,Jazz,0.18,0.66,0.93,0.61,0.02,158.45,0,-0.612143759942035,0.45132815564106393
Track_442,Artist_47,Hip-Hop,0.09,0.0,0.41,0.9,0.02,112.87,0,-1.497634067674493,-2.1135535267033836
Track_483,Artist_22,Jazz,0.1,0.18,0.4,0.82,0.92,75.89,3,-0.5451540184021921,-1.8152131887594674
Track_50,Artist_14,Pop,0.58,0.03,0.31,0.25,0.71,105.87,3,0.5078946110535205,-1.31211907237016
Track_420,Artist_26,Hip-Hop,0.69,0.17,0.15,0.27,0.31,134.32,3,0.6030569207534316,-0.8163227396928352
Track_81,Artist_28,Jazz,0.4,0.18,0.49,0.13,0.13,114.53,0,-0.22824232643081527,-1.1471671409189728
Track_206,Artist_23,Electronic,0.48,0.39,0.13,0.34,0.51,153.62,3,1.3487254317329238,-0.6088863807690307
Track_35,Artist_14,Classical,0.69,0.4,0.84,1.0,0.01,179.71,2,-0.8905043034269801,1.0094833124271698
Track_264,Artist_24,Hip-Hop,0.02,0.87,0.37,0.41,0.94,82.94,1,0.5441918762727355,-0.4400019771875895
Track_428,Artist_2,Classical,0.32,0.51,0.37,0.22,0.41,115.16,0,0.3940186013908794,-0.6111347386756051
Track_367,Artist_45,Hip-Hop,0.97,0.72,0.47,0.76,0.4,111.72,2,-0.6886076813379546,1.51590216069105
Track_92,Artist_26,Electronic,0.58,0.1,0.44,0.54,0.39,96.54,3,-0.7719738715871465,-0.9757080746797742
Track_340,Artist_14,Classical,0.25,0.23,0.99,0.15,0.07,83.77,0,-1.5328606135686782,-0.8952260253971707
Track_474,Artist_7,Rock,0.52,0.7,0.55,0.38,0.64,67.88,1,-0.587600166296462,0.2990148817501094
Track_53,Artist_3,Pop,0.34,0.05,0.09,0.41,0.73,166.45,3,1.8103236815338617,-1.6611182962204198
Track_346,Artist_47,Rock,0.53,0.49,0.61,0.75,0.68,110.38,2,-0.40689288362876913,0.2266145191419554
Track_265,Artist_23,Jazz,0.13,0.6,0.15,0.02,0.14,119.63,0,0.6884002039296694,-1.1172939038443745
Track_242,Artist_46,Electronic,0.13,0.6,0.03,0.27,0.58,170.03,1,2.162426227460029,-0.8833064272072109
Track_14,Artist_43,Rock,0.14,0.02,0.97,0.52,0.57,153.15,0,0.04917308929757488,-1.1335988866427271
Track_316,Artist_47,Hip-Hop,0.94,0.32,0.77,0.27,0.87,75.66,3,-0.3964446661769062,0.5561044514025398
Track_89,Artist_45,Jazz,0.73,0.64,0.98,0.63,0.38,127.85,2,-0.832403891272111,1.4865682619582319
Track_388,Artist_18,Jazz,0.16,0.15,0.48,0.48,0.37,113.07,0,-0.33737558940332396,-1.6156939144554794
Track_274,Artist_38,Rock,0.19,0.7,0.53,0.36,0.62,155.67,1,1.208375146708784,0.044188830462047454
Track_167,Artist_35,Rock,0.73,0.75,0.17,0.95,0.63,146.91,2,0.5242046801136732,0.9857191959832206
Track_329,Artist_15,Electronic,0.16,0.98,0.25,0.63,0.47,142.85,1,0.7670053640626641,0.3156936972431082
Track_493,Artist_25,Pop,0.23,0.21,0.84,0.13,0.44,100.87,0,-0.37898673846978326,-1.0511042764705485
Track_135,Artist_37,Rock,0.96,0.83,0.36,0.56,0.49,156.6,2,0.8108029612040316,1.8126907068494267
Track_307,Artist_28,Rock,0.26,0.52,0.83,0.78,0.86,66.29,3,-1.2217659500647584,-0.20780799491633914
Track_481,Artist_10,Classical,0.66,0.37,0.71,0.71,0.46,79.15,2,-1.5097317110769044,0.1340244440425591
Track_320,Artist_39,Hip-Hop,0.98,0.12,0.18,0.17,0.94,100.27,3,1.0079071205575176,-0.4519263397604187
Track_244,Artist_17,Classical,0.37,0.74,0.51,0.97,0.5,69.22,2,-1.5820260361526701,0.2049444814197933
Track_55,Artist_39,Classical,0.02,0.24,0.68,0.45,0.95,88.2,3,-0.014251926801699932,-1.5402437565116078
Track_364,Artist_22,Jazz,0.24,0.37,0.24,0.16,0.83,159.62,1,2.165292660695461,-1.0194446043843757
Track_51,Artist_26,Pop,0.83,0.06,0.83,0.18,0.36,173.79,0,0.6620099168702609,0.22410542472365372
Track_457,Artist_44,Hip-Hop,0.86,0.8,0.54,0.1,0.86,96.55,1,0.7273119015525632,1.3252076853766865
Track_175,Artist_25,Electronic,0.77,0.77,0.17,0.8,0.11,91.74,2,-1.1741936609317658,0.7354328626333918
Track_446,Artist_17,Electronic,0.11,0.73,0.58,0.12,0.93,93.59,1,0.8371713377319036,-0.36506804596418935
Track_190,Artist_13,Rock,0.8,0.3,1.0,0.13,0.63,93.33,0,-0.5030950392875005,0.5265838219950219
Track_497,Artist_20,Rock,0.92,0.17,0.15,0.85,0.05,64.31,2,-2.102631086573096,-0.5567003517184358
Track_188,Artist_25,Electronic,0.6,0.64,0.82,0.34,0.64,171.23,1,1.1003877006762153,1.1866089666040267
Track_170,Artist_4,Rock,0.94,0.5,0.21,0.03,0.97,85.64,3,1.0912236766740697,0.2993091816514737
Track_59,Artist_10,Pop,0.83,0.18,0.78,0.05,0.07,110.4,0,-0.7418325477742811,0.05224199195963444
Track_49,Artist_3,Classical,0.67,0.69,0.73,0.14,0.55,61.16,1,-0.7661435966664706,0.6918328592606164
Track_345,Artist_41,Rock,0.58,0.99,0.3,0.21,0.75,162.95,1,2.0997140625654973,1.2828143590761802
Track_236,Artist_45,Jazz,0.35,0.75,0.33,0.67,0.81,147.74,1,1.13530263317993,0.32245531404503
Track_253,Artist_18,Rock,0.16,0.74,0.79,0.16,0.41,173.61,1,1.2070322162601748,0.4114364584620584
Track_22,Artist_47,Hip-Hop,0.6,0.95,0.46,0.12,0.2,153.79,1,0.9362905012999677,1.3003666255881592
Track_314,Artist_36,Pop,0.32,0.2,0.73,0.76,0.04,97.64,0,-1.9288630431695086,-0.8837694489760212
Track_460,Artist_47,Hip-Hop,0.87,0.57,0.15,0.67,0.58,89.74,2,-0.31536923049893867,0.4286773522574601
Track_161,Artist_22,Hip-Hop,0.99,0.98,0.85,0.44,0.45,143.73,2,0.10736214830101906,2.7242271460357617
Track_277,Artist_34,Jazz,0.75,0.17,0.71,0.55,0.95,103.69,3,-0.08095295816833943,-0.03559803194452379
Track_444,Artist_47,Pop,0.09,0.7,0.91,0.31,0.06,127.95,0,-0.6288045516468045,0.08718168062871119
Track_192,Artist_8,Pop,0.29,0.59,0.13,0.48,0.69,60.75,3,-0.2573146948388001,-0.9602349302605135
Track_386,Artist_40,Pop,0.11,0.59,0.59,0.51,0.02,67.43,0,-1.8111314605902804,-0.7898547080831066
Track_294,Artist_49,Pop,0.65,0.7,0.6,0.39,0.17,124.24,0,-0.3691458481382039,0.8937704270185197
Track_414,Artist_44,Pop,0.77,0.93,0.35,0.91,0.45,127.93,2,-0.24894346073036677,1.593423827063937
Track_344,Artist_19,Jazz,0.93,0.78,0.46,0.02,0.45,150.17,1,1.2952204641557559,1.5522265838211515
Track_258,Artist_42,Rock,0.44,0.06,0.04,0.78,0.69,75.84,3,-0.5249576087819442,-1.8631416780510486
Track_309,Artist_41,Hip-Hop,0.9,0.85,0.75,0.12,0.91,121.58,1,1.0103970254751795,1.9274448581464299
Track_150,Artist_37,Pop,0.88,0.23,0.55,0.8,0.64,83.33,2,-1.1646356616685833,0.1263049089829612
Track_131,Artist_6,Rock,0.32,0.38,0.06,0.62,0.95,71.18,3,0.16663697358239604,-1.369157491461747
Track_152,Artist_26,Rock,0.87,0.46,0.68,0.84,0.88,109.26,2,-0.40687599371540295,0.9873948823961054
Track_360,Artist_34,Hip-Hop,0.38,0.48,0.47,0.1,0.58,79.6,1,0.013636660538841466,-0.6469404656286478
Track_100,Artist_45,Jazz,0.3,0.44,0.03,0.56,0.83,86.61,3,0.4233012617418114,-1.248975968273526
Track_373,Artist_6,Electronic,0.65,0.94,0.97,0.5,0.64,98.11,1,-0.650611073375486,1.85520853536405
Track_88,Artist_37,Electronic,0.33,0.71,0.95,0.71,0.08,91.13,0,-2.0096341449977544,0.586677876045609
Track_459,Artist_33,Rock,0.63,0.63,0.51,0.53,0.74,70.51,2,-0.5964243927041639,0.3788175006623998
Track_331,Artist_22,Classical,0.61,0.05,0.09,0.54,0.09,70.79,0,-1.3474118651617968,-1.6208578045298276
Track_215,Artist_21,Classical,0.56,0.9,0.75,0.43,0.59,83.19,1,-0.6355439563263574,1.1992577974656997
Track_467,Artist_6,Hip-Hop,0.38,0.91,0.49,0.31,0.7,66.07,1,-0.23852055651787946,0.41414325953183534
Track_122,Artist_6,Electronic,0.55,0.78,0.3,0.48,0.07,135.17,2,-0.028998741159193042,0.5896814613192093
Track_500,Artist_48,Rock,0.6,0.01,0.49,0.12,0.23,94.48,0,-0.5419085394446846,-1.2399524695670852
Track_21,Artist_4,Jazz,0.55,0.06,0.52,0.96,0.92,93.57,3,-0.7016463801735389,-0.8829107781318705
Track_189,Artist_30,Electronic,0.44,0.23,0.56,0.71,0.62,99.84,3,-0.661356926967182,-0.7213954934368009
Track_72,Artist_11,Rock,0.01,0.13,0.44,0.95,0.25,139.54,0,-0.65240692933863,-1.7549337041707802
Track_107,Artist_30,Rock,0.59,0.4,0.61,0.23,0.69,164.48,1,1.3965599976264187,0.2680805604611599
Track_271,Artist_31,Pop,0.17,0.92,0.92,0.88,0.6,151.09,1,-0.10248163823980891,1.1353283698628318
Track_349,Artist_24,Jazz,0.64,0.47,0.36,0.81,0.5,147.3,2,0.2085377712805371,0.3033030331994772
Track_436,Artist_9,Pop,0.76,0.01,0.73,0.68,0.98,118.13,3,-0.031946644211021044,-0.2577381752689474
Track_103,Artist_3,Hip-Hop,0.5,0.28,0.89,0.63,0.68,143.26,3,-0.009699208577852317,0.13704471722686462
